{
    "Teorico 150": {
		"num":[-0.0001014,0], 
		"den":[3.40225480299773E-13, 3.67593583164858E-9,1.00000316227772]
    },
	"Teorico 47":{
		"num":[-0.0001014,0],
		"den":[1.07598191113147E-12,1.09319164118429E-8,1.00000316227772]
	},
	"InteDomNop":{
	"num":316227.76,
	"den":[-1.06209398689991e-7,-823014.371631675,-1]
	}
}